app,request_time
app-2,55.705
app-5,77.914
app-1,89.933
app-3,95.003
app-4,98.202
app-4,100.376
app-5,120.546
app-3,121.853
app-2,124.288
app-5,132.823
app-4,176.532
app-4,178.76
app-4,184.007
app-4,193.426
app-1,200.72
app-5,209.726
app-1,220.384
app-1,255.565
app-2,257.963
app-1,285.197
app-1,336.355
app-1,382.079
app-5,389.726
app-1,389.902
app-4,397.48
app-5,408.648
app-5,419.447
app-4,432.932
app-5,442.361
app-5,459.011
app-3,511.362
app-1,512.985
app-1,514.151
app-1,544.919
app-1,552.903
app-1,554.293
app-5,577.464
app-2,598.053
app-1,604.392
app-5,614.52
app-3,626.865
app-1,631.051
app-2,676.668
app-5,690.996
app-3,954.083
app-3,1003.247
app-3,1021.553
app-3,1063.374
app-3,1442.432
app-3,1467.919
